setup,dataset,method,seed,pred_path,metrics_path,f1,precision,recall,n_sentences,gen_time_s,total_time_s,wall_time_s,sharded,num_shards
e5_llama,AnnoCTR,RAG,0,/home/azureuser/ttp_table9_method_replication/outputs/predictions/AnnoCTR_RAG_seed0_setup0_e5_llama_seed0_20260526_144849.jsonl,/home/azureuser/ttp_table9_method_replication/outputs/metrics/AnnoCTR_RAG_seed0_setup0_e5_llama_seed0_20260526_144849.json,0.3975269397339431,0.39665538709656356,0.4964802891466978,1483,1546.686505317688,1736.4051721096039,,False,1
e5_llama,AnnoCTR,RAG,1,/home/azureuser/ttp_table9_method_replication/outputs/predictions/AnnoCTR_RAG_seed1_setup0_e5_llama_seed1_20260526_165655.jsonl,/home/azureuser/ttp_table9_method_replication/outputs/metrics/AnnoCTR_RAG_seed1_setup0_e5_llama_seed1_20260526_165655.json,0.3975269397339431,0.39665538709656356,0.4964802891466978,1483,1526.984764099121,1893.2766363620758,,False,1
e5_llama,AnnoCTR,RAG,2,/home/azureuser/ttp_table9_method_replication/outputs/predictions/AnnoCTR_RAG_seed2_setup0_e5_llama_seed2_20260526_183039.jsonl,/home/azureuser/ttp_table9_method_replication/outputs/metrics/AnnoCTR_RAG_seed2_setup0_e5_llama_seed2_20260526_183039.json,0.3975269397339431,0.39665538709656356,0.4964802891466978,1483,2005.1267983913422,2198.340270280838,,False,1
e5_llama,AnnoCTR,RAG+FSP,0,/home/azureuser/ttp_table9_method_replication/outputs/predictions/AnnoCTR_RAG_FSP_seed0_setup0_e5_llama_seed0_20260526_144849.jsonl,/home/azureuser/ttp_table9_method_replication/outputs/metrics/AnnoCTR_RAG_FSP_seed0_setup0_e5_llama_seed0_20260526_144849.json,0.3488882116386214,0.5354575163398693,0.2848845813629095,1483,1276.31591629982,1467.0995144844055,,False,1
e5_llama,AnnoCTR,RAG+FSP,1,/home/azureuser/ttp_table9_method_replication/outputs/predictions/AnnoCTR_RAG_FSP_seed1_setup0_e5_llama_seed1_20260526_165655.jsonl,/home/azureuser/ttp_table9_method_replication/outputs/metrics/AnnoCTR_RAG_FSP_seed1_setup0_e5_llama_seed1_20260526_165655.json,0.3488882116386214,0.5354575163398693,0.2848845813629095,1483,1269.1037368774414,1635.9227001667023,,False,1
e5_llama,AnnoCTR,RAG+FSP,2,/home/azureuser/ttp_table9_method_replication/outputs/predictions/AnnoCTR_RAG_FSP_seed2_setup0_e5_llama_seed2_20260526_183039.jsonl,/home/azureuser/ttp_table9_method_replication/outputs/metrics/AnnoCTR_RAG_FSP_seed2_setup0_e5_llama_seed2_20260526_183039.json,0.3488882116386214,0.5354575163398693,0.2848845813629095,1483,1570.2133629322052,1763.0877006053925,,False,1
e5_llama,TRAM2,RAG,0,/home/azureuser/ttp_table9_method_replication/outputs/predictions/TRAM2_RAG_seed0_setup0_e5_llama_seed0_20260526_144849.jsonl,/home/azureuser/ttp_table9_method_replication/outputs/metrics/TRAM2_RAG_seed0_setup0_e5_llama_seed0_20260526_144849.json,0.49864225522375055,0.37856132706085144,0.8605865924082243,3820,4115.756228208542,4565.629880189896,,False,1
e5_llama,TRAM2,RAG,1,/home/azureuser/ttp_table9_method_replication/outputs/predictions/TRAM2_RAG_seed1_setup0_e5_llama_seed1_20260526_165655.jsonl,/home/azureuser/ttp_table9_method_replication/outputs/metrics/TRAM2_RAG_seed1_setup0_e5_llama_seed1_20260526_165655.json,0.49864225522375055,0.37856132706085144,0.8605865924082243,3820,4189.841656208038,4809.320549488068,,False,1
e5_llama,TRAM2,RAG,2,/home/azureuser/ttp_table9_method_replication/outputs/predictions/TRAM2_RAG_seed2_setup0_e5_llama_seed2_20260526_183039.jsonl,/home/azureuser/ttp_table9_method_replication/outputs/metrics/TRAM2_RAG_seed2_setup0_e5_llama_seed2_20260526_183039.json,0.49864225522375055,0.37856132706085144,0.8605865924082243,3820,6284.60573720932,6746.383699417114,,False,1
e5_llama,TRAM2,RAG+FSP,0,/home/azureuser/ttp_table9_method_replication/outputs/predictions/TRAM2_RAG_FSP_seed0_setup0_e5_llama_seed0_20260526_144849.jsonl,/home/azureuser/ttp_table9_method_replication/outputs/metrics/TRAM2_RAG_FSP_seed0_setup0_e5_llama_seed0_20260526_144849.json,0.5272886506390326,0.44750453011189056,0.7096661245143219,3820,3839.2176468372345,4294.955614089966,,False,1
e5_llama,TRAM2,RAG+FSP,1,/home/azureuser/ttp_table9_method_replication/outputs/predictions/TRAM2_RAG_FSP_seed1_setup0_e5_llama_seed1_20260526_165655.jsonl,/home/azureuser/ttp_table9_method_replication/outputs/metrics/TRAM2_RAG_FSP_seed1_setup0_e5_llama_seed1_20260526_165655.json,0.5272886506390326,0.44750453011189056,0.7096661245143219,3820,3759.2701573371887,4376.580040931702,,False,1
e5_llama,TRAM2,RAG+FSP,2,/home/azureuser/ttp_table9_method_replication/outputs/predictions/TRAM2_RAG_FSP_seed2_setup0_e5_llama_seed2_20260526_183039.jsonl,/home/azureuser/ttp_table9_method_replication/outputs/metrics/TRAM2_RAG_FSP_seed2_setup0_e5_llama_seed2_20260526_183039.json,0.5272886506390326,0.44750453011189056,0.7096661245143219,3820,5704.262070178986,6165.7846159935,,False,1
e5_mistral,AnnoCTR,RAG,0,/home/azureuser/ttp_table9_method_replication/outputs/predictions/AnnoCTR_RAG_seed0_mistral_e5_seed0_20260525_221207.jsonl,/home/azureuser/ttp_table9_method_replication/outputs/metrics/AnnoCTR_RAG_seed0_mistral_e5_seed0_20260525_221207.json,0.3945754953253798,0.33961057319929355,0.5549729810952722,1483,614.1953620910645,787.7625279426575,,False,1
e5_mistral,AnnoCTR,RAG,1,/home/azureuser/ttp_table9_method_replication/outputs/predictions/AnnoCTR_RAG_seed1_mistral_e5_seed1_20260526_071008.jsonl,/home/azureuser/ttp_table9_method_replication/outputs/metrics/AnnoCTR_RAG_seed1_mistral_e5_seed1_20260526_071008.json,0.3945754953253798,0.33961057319929355,0.5549729810952722,1483,621.6666896343231,938.1783196926117,,False,1
e5_mistral,AnnoCTR,RAG,2,/home/azureuser/ttp_table9_method_replication/outputs/predictions/AnnoCTR_RAG_seed2_mistral_e5_seed2_20260526_084518.jsonl,/home/azureuser/ttp_table9_method_replication/outputs/metrics/AnnoCTR_RAG_seed2_mistral_e5_seed2_20260526_084518.json,0.3945754953253798,0.33961057319929355,0.5549729810952722,1483,1465.672119140625,1653.1224911212921,,False,1
e5_mistral,AnnoCTR,RAG+FSP,0,/home/azureuser/ttp_table9_method_replication/outputs/predictions/AnnoCTR_RAG_FSP_seed0_mistral_e5_ragfsp_seed0_20260526_102152.jsonl,/home/azureuser/ttp_table9_method_replication/outputs/metrics/AnnoCTR_RAG_FSP_seed0_mistral_e5_ragfsp_seed0_20260526_102152.json,0.404117196886663,0.347349302786154,0.587113073974529,1483,1039.4168837070465,1217.606993675232,,False,1
e5_mistral,AnnoCTR,RAG+FSP,1,/home/azureuser/ttp_table9_method_replication/outputs/predictions/AnnoCTR_RAG_FSP_seed1_mistral_e5_ragfsp_seed1_20260526_075103.jsonl,/home/azureuser/ttp_table9_method_replication/outputs/metrics/AnnoCTR_RAG_FSP_seed1_mistral_e5_ragfsp_seed1_20260526_075103.json,0.404117196886663,0.347349302786154,0.587113073974529,1483,1711.923679113388,1886.496325492859,,False,1
e5_mistral,AnnoCTR,RAG+FSP,2,/home/azureuser/ttp_table9_method_replication/outputs/predictions/AnnoCTR_RAG_FSP_seed2_mistral_e5_ragfsp_seed2_20260526_092432.jsonl,/home/azureuser/ttp_table9_method_replication/outputs/metrics/AnnoCTR_RAG_FSP_seed2_mistral_e5_ragfsp_seed2_20260526_092432.json,0.404117196886663,0.347349302786154,0.587113073974529,1483,2345.541228055954,2521.0891766548157,,False,1
e5_mistral,TRAM2,RAG,0,/home/azureuser/ttp_table9_method_replication/outputs/predictions/TRAM2_RAG_seed0_mistral_e5_seed0_20260525_221207.jsonl,/home/azureuser/ttp_table9_method_replication/outputs/metrics/TRAM2_RAG_seed0_mistral_e5_seed0_20260525_221207.json,0.5547205289112386,0.431413778901702,0.8973913641703015,3820,1883.862262248993,2319.7782547473907,,False,1
e5_mistral,TRAM2,RAG,1,/home/azureuser/ttp_table9_method_replication/outputs/predictions/TRAM2_RAG_seed1_mistral_e5_seed1_20260526_071008.jsonl,/home/azureuser/ttp_table9_method_replication/outputs/metrics/TRAM2_RAG_seed1_mistral_e5_seed1_20260526_071008.json,0.5547205289112386,0.431413778901702,0.8973913641703015,3820,1875.3352522850037,2438.9427790641785,,False,1
e5_mistral,TRAM2,RAG,2,/home/azureuser/ttp_table9_method_replication/outputs/predictions/TRAM2_RAG_seed2_mistral_e5_seed2_20260526_084518.jsonl,/home/azureuser/ttp_table9_method_replication/outputs/metrics/TRAM2_RAG_seed2_mistral_e5_seed2_20260526_084518.json,0.5547205289112386,0.431413778901702,0.8973913641703015,3820,1898.1330664157867,2348.8852200508118,,False,1
e5_mistral,TRAM2,RAG+FSP,0,/home/azureuser/ttp_table9_method_replication/outputs/predictions/TRAM2_RAG_FSP_seed0_mistral_e5_ragfsp_seed0_20260526_102152.jsonl,/home/azureuser/ttp_table9_method_replication/outputs/metrics/TRAM2_RAG_FSP_seed0_mistral_e5_ragfsp_seed0_20260526_102152.json,0.5355440561543118,0.40416479011772805,0.9195687835251403,3820,2837.638918876648,3273.318534374237,,False,1
e5_mistral,TRAM2,RAG+FSP,1,/home/azureuser/ttp_table9_method_replication/outputs/predictions/TRAM2_RAG_FSP_seed1_mistral_e5_ragfsp_seed1_20260526_075103.jsonl,/home/azureuser/ttp_table9_method_replication/outputs/metrics/TRAM2_RAG_FSP_seed1_mistral_e5_ragfsp_seed1_20260526_075103.json,0.5355440561543118,0.40416479011772805,0.9195687835251403,3820,2810.0589241981506,3251.155127286911,,False,1
e5_mistral,TRAM2,RAG+FSP,2,/home/azureuser/ttp_table9_method_replication/outputs/predictions/TRAM2_RAG_FSP_seed2_mistral_e5_ragfsp_seed2_20260526_092432.jsonl,/home/azureuser/ttp_table9_method_replication/outputs/metrics/TRAM2_RAG_FSP_seed2_mistral_e5_ragfsp_seed2_20260526_092432.json,0.5355440561543118,0.40416479011772805,0.9195687835251403,3820,2833.4526517391205,3276.796013355255,,False,1
e5_phi35,AnnoCTR,RAG,0,/home/azureuser/ttp_table9_method_replication/outputs/predictions/AnnoCTR_RAG_seed0_setup5_e5_phi35_seed0_20260526_184545.jsonl,/home/azureuser/ttp_table9_method_replication/outputs/metrics/AnnoCTR_RAG_seed0_setup5_e5_phi35_seed0_20260526_184545.json,0.2891958382413326,0.47900775694893344,0.26461019630524274,1483,3526.5649292469025,3719.832312107086,,False,1
e5_phi35,AnnoCTR,RAG,1,/home/azureuser/ttp_table9_method_replication/outputs/predictions/AnnoCTR_RAG_seed1_setup5_e5_phi35_seed1_20260527_004547.jsonl,/home/azureuser/ttp_table9_method_replication/outputs/metrics/AnnoCTR_RAG_seed1_setup5_e5_phi35_seed1_20260527_004547.json,0.2891958382413326,0.47900775694893344,0.26461019630524274,1483,3046.4635577201843,3340.5897586345673,,False,1
e5_phi35,AnnoCTR,RAG,2,/home/azureuser/ttp_table9_method_replication/outputs/predictions/AnnoCTR_RAG_seed2_setup5_e5_phi35_seed2_20260527_032051.jsonl,/home/azureuser/ttp_table9_method_replication/outputs/metrics/AnnoCTR_RAG_seed2_setup5_e5_phi35_seed2_20260527_032051.json,0.2891958382413326,0.47900775694893344,0.26461019630524274,1483,3083.527698278427,3272.5760593414307,,False,1
e5_phi35,AnnoCTR,RAG+FSP,0,/home/azureuser/ttp_table9_method_replication/outputs/predictions/AnnoCTR_RAG_FSP_seed0_setup5_e5_phi35_seed0_20260526_184545.jsonl,/home/azureuser/ttp_table9_method_replication/outputs/metrics/AnnoCTR_RAG_FSP_seed0_setup5_e5_phi35_seed0_20260526_184545.json,0.30129283001840984,0.36726961978509964,0.3051716064293464,1483,2981.9555213451385,3163.2539246082306,,False,1
e5_phi35,AnnoCTR,RAG+FSP,1,/home/azureuser/ttp_table9_method_replication/outputs/predictions/AnnoCTR_RAG_FSP_seed1_setup5_e5_phi35_seed1_20260527_004547.jsonl,/home/azureuser/ttp_table9_method_replication/outputs/metrics/AnnoCTR_RAG_FSP_seed1_setup5_e5_phi35_seed1_20260527_004547.json,0.30129283001840984,0.36726961978509964,0.3051716064293464,1483,2685.1966626644135,2977.5102803707123,,False,1
e5_phi35,AnnoCTR,RAG+FSP,2,/home/azureuser/ttp_table9_method_replication/outputs/predictions/AnnoCTR_RAG_FSP_seed2_setup5_e5_phi35_seed2_20260527_032051.jsonl,/home/azureuser/ttp_table9_method_replication/outputs/metrics/AnnoCTR_RAG_FSP_seed2_setup5_e5_phi35_seed2_20260527_032051.json,0.30129283001840984,0.36726961978509964,0.3051716064293464,1483,2594.2481400966644,2776.2323796749115,,False,1
e5_phi35,TRAM2,RAG,0,/home/azureuser/ttp_table9_method_replication/outputs/predictions/TRAM2_RAG_seed0_setup5_e5_phi35_seed0_20260526_184545.jsonl,/home/azureuser/ttp_table9_method_replication/outputs/metrics/TRAM2_RAG_seed0_setup5_e5_phi35_seed0_20260526_184545.json,0.4389935476978949,0.5275062397515708,0.41095053270575094,3820,10750.819009542465,11203.841067314148,,False,1
e5_phi35,TRAM2,RAG,1,/home/azureuser/ttp_table9_method_replication/outputs/predictions/TRAM2_RAG_seed1_setup5_e5_phi35_seed1_20260527_004547.jsonl,/home/azureuser/ttp_table9_method_replication/outputs/metrics/TRAM2_RAG_seed1_setup5_e5_phi35_seed1_20260527_004547.json,0.4389935476978949,0.5275062397515708,0.41095053270575094,3820,8740.352300167084,9285.51444721222,,False,1
e5_phi35,TRAM2,RAG,2,/home/azureuser/ttp_table9_method_replication/outputs/predictions/TRAM2_RAG_seed2_setup5_e5_phi35_seed2_20260527_071609.jsonl,/home/azureuser/ttp_table9_method_replication/outputs/metrics/TRAM2_RAG_seed2_setup5_e5_phi35_seed2_20260527_071609.json,0.4389935476978949,0.5275062397515708,0.41095053270575094,3820,9016.778999999995,,2435.5990715026855,True,4
e5_phi35,TRAM2,RAG+FSP,0,/home/azureuser/ttp_table9_method_replication/outputs/predictions/TRAM2_RAG_FSP_seed0_setup5_e5_phi35_seed0_20260526_184545.jsonl,/home/azureuser/ttp_table9_method_replication/outputs/metrics/TRAM2_RAG_FSP_seed0_setup5_e5_phi35_seed0_20260526_184545.json,0.5147948196393342,0.4886116475510344,0.5812087943681872,3820,9941.613465309143,10399.898705482483,,False,1
e5_phi35,TRAM2,RAG+FSP,1,/home/azureuser/ttp_table9_method_replication/outputs/predictions/TRAM2_RAG_FSP_seed1_setup5_e5_phi35_seed1_20260527_004547.jsonl,/home/azureuser/ttp_table9_method_replication/outputs/metrics/TRAM2_RAG_FSP_seed1_setup5_e5_phi35_seed1_20260527_004547.json,0.5147948196393342,0.4886116475510344,0.5812087943681872,3820,7858.6918313503265,8405.940700769424,,False,1
e5_phi35,TRAM2,RAG+FSP,2,/home/azureuser/ttp_table9_method_replication/outputs/predictions/TRAM2_RAG_FSP_seed2_setup5_e5_phi35_seed2_20260527_055558.jsonl,/home/azureuser/ttp_table9_method_replication/outputs/metrics/TRAM2_RAG_FSP_seed2_setup5_e5_phi35_seed2_20260527_055558.json,0.5147948196393342,0.4886116475510344,0.5812087943681872,3820,8126.379999999987,,2256.2484922409058,True,4
gteqwen_llama,AnnoCTR,RAG,0,/home/azureuser/ttp_table9_method_replication/outputs/predictions/AnnoCTR_RAG_seed0_setup1_gteqwen_llama_seed0_20260527_085414.jsonl,/home/azureuser/ttp_table9_method_replication/outputs/metrics/AnnoCTR_RAG_seed0_setup1_gteqwen_llama_seed0_20260527_085414.json,0.42461369859093806,0.4147920182672505,0.5413129118043979,1483,1386.645681142807,1577.4265711307526,,False,1
gteqwen_llama,AnnoCTR,RAG,1,/home/azureuser/ttp_table9_method_replication/outputs/predictions/AnnoCTR_RAG_seed1_setup1_gteqwen_llama_seeds12_20260528_084044_s1.jsonl,/home/azureuser/ttp_table9_method_replication/outputs/metrics/AnnoCTR_RAG_seed1_setup1_gteqwen_llama_seeds12_20260528_084044_s1.json,0.42461369859093806,0.4147920182672505,0.5413129118043979,1483,1417.1705389022827,1605.4578084945679,,False,1
gteqwen_llama,AnnoCTR,RAG,2,/home/azureuser/ttp_table9_method_replication/outputs/predictions/AnnoCTR_RAG_seed2_setup1_gteqwen_llama_seeds12_20260528_084044_s2.jsonl,/home/azureuser/ttp_table9_method_replication/outputs/metrics/AnnoCTR_RAG_seed2_setup1_gteqwen_llama_seeds12_20260528_084044_s2.json,0.42461369859093806,0.4147920182672505,0.5413129118043979,1483,1356.0811183452606,1539.2188651561737,,False,1
gteqwen_llama,AnnoCTR,RAG+FSP,0,/home/azureuser/ttp_table9_method_replication/outputs/predictions/AnnoCTR_RAG+FSP_seed0_setup1_gteqwen_llama_seed0_20260527_085414.jsonl,/home/azureuser/ttp_table9_method_replication/outputs/metrics/AnnoCTR_RAG+FSP_seed0_setup1_gteqwen_llama_seed0_20260527_085414.json,0.37288371098489853,0.5020998105124402,0.3705265236998983,1483,1245.32497048378,1437.506802558899,,False,1
gteqwen_llama,AnnoCTR,RAG+FSP,1,/home/azureuser/ttp_table9_method_replication/outputs/predictions/AnnoCTR_RAG+FSP_seed1_setup1_gteqwen_llama_seeds12_20260528_084044_s1.jsonl,/home/azureuser/ttp_table9_method_replication/outputs/metrics/AnnoCTR_RAG+FSP_seed1_setup1_gteqwen_llama_seeds12_20260528_084044_s1.json,0.37288371098489853,0.5020998105124402,0.3705265236998983,1483,1258.7209947109222,1444.7951776981354,,False,1
gteqwen_llama,AnnoCTR,RAG+FSP,2,/home/azureuser/ttp_table9_method_replication/outputs/predictions/AnnoCTR_RAG+FSP_seed2_setup1_gteqwen_llama_seeds12_20260528_084044_s2.jsonl,/home/azureuser/ttp_table9_method_replication/outputs/metrics/AnnoCTR_RAG+FSP_seed2_setup1_gteqwen_llama_seeds12_20260528_084044_s2.json,0.37288371098489853,0.5020998105124402,0.3705265236998983,1483,1283.2280316352844,1470.8171491622925,,False,1
gteqwen_llama,TRAM2,RAG,0,/home/azureuser/ttp_table9_method_replication/outputs/predictions/TRAM2_RAG_seed0_setup1_gteqwen_llama_seed0_20260527_085414.jsonl,/home/azureuser/ttp_table9_method_replication/outputs/metrics/TRAM2_RAG_seed0_setup1_gteqwen_llama_seed0_20260527_085414.json,0.535222753001099,0.4112184856587224,0.8927167377214815,3820,4440.697823524475,4901.620838165283,,False,1
gteqwen_llama,TRAM2,RAG,1,/home/azureuser/ttp_table9_method_replication/outputs/predictions/TRAM2_RAG_seed1_setup1_gteqwen_llama_seeds12_20260528_084044_s1.jsonl,/home/azureuser/ttp_table9_method_replication/outputs/metrics/TRAM2_RAG_seed1_setup1_gteqwen_llama_seeds12_20260528_084044_s1.json,0.535222753001099,0.4112184856587224,0.8927167377214815,3820,4419.788138389587,4882.475227832794,,False,1
gteqwen_llama,TRAM2,RAG,2,/home/azureuser/ttp_table9_method_replication/outputs/predictions/TRAM2_RAG_seed2_setup1_gteqwen_llama_seeds12_20260528_084044_s2.jsonl,/home/azureuser/ttp_table9_method_replication/outputs/metrics/TRAM2_RAG_seed2_setup1_gteqwen_llama_seeds12_20260528_084044_s2.json,0.535222753001099,0.4112184856587224,0.8927167377214815,3820,4617.719500541687,5079.412576913834,,False,1
gteqwen_llama,TRAM2,RAG+FSP,0,/home/azureuser/ttp_table9_method_replication/outputs/predictions/TRAM2_RAG+FSP_seed0_setup1_gteqwen_llama_seed0_20260527_085414.jsonl,/home/azureuser/ttp_table9_method_replication/outputs/metrics/TRAM2_RAG+FSP_seed0_setup1_gteqwen_llama_seed0_20260527_085414.json,0.5321083508921692,0.433141809891921,0.7671082743948019,3820,4105.326115608215,4565.111090898514,,False,1
gteqwen_llama,TRAM2,RAG+FSP,1,/home/azureuser/ttp_table9_method_replication/outputs/predictions/TRAM2_RAG+FSP_seed1_setup1_gteqwen_llama_seeds12_20260528_084044_s1.jsonl,/home/azureuser/ttp_table9_method_replication/outputs/metrics/TRAM2_RAG+FSP_seed1_setup1_gteqwen_llama_seeds12_20260528_084044_s1.json,0.5321083508921692,0.433141809891921,0.7671082743948019,3820,4102.393065690994,4581.756940364838,,False,1
gteqwen_llama,TRAM2,RAG+FSP,2,/home/azureuser/ttp_table9_method_replication/outputs/predictions/TRAM2_RAG+FSP_seed2_setup1_gteqwen_llama_seeds12_20260528_084044_s2.jsonl,/home/azureuser/ttp_table9_method_replication/outputs/metrics/TRAM2_RAG+FSP_seed2_setup1_gteqwen_llama_seeds12_20260528_084044_s2.json,0.5321083508921692,0.433141809891921,0.7671082743948019,3820,4133.576329469681,4607.013689041138,,False,1
gteqwen_mistral,AnnoCTR,RAG,0,/home/azureuser/ttp_table9_method_replication/outputs/predictions/AnnoCTR_RAG_seed0_setup3_gteqwen_mistral_seed0_20260526_074547.jsonl,/home/azureuser/ttp_table9_method_replication/outputs/metrics/AnnoCTR_RAG_seed0_setup3_gteqwen_mistral_seed0_20260526_074547.json,0.4099829118307079,0.3513006063690648,0.6009270678581824,1483,573.3792946338654,758.3761622905731,,False,1
gteqwen_mistral,AnnoCTR,RAG,1,/home/azureuser/ttp_table9_method_replication/outputs/predictions/AnnoCTR_RAG_seed1_setup3_gteqwen_mistral_seed1_20260526_084550.jsonl,/home/azureuser/ttp_table9_method_replication/outputs/metrics/AnnoCTR_RAG_seed1_setup3_gteqwen_mistral_seed1_20260526_084550.json,0.4099829118307079,0.3513006063690648,0.6009270678581824,1483,852.7930886745453,1043.7188560962677,,False,1
gteqwen_mistral,AnnoCTR,RAG,2,/home/azureuser/ttp_table9_method_replication/outputs/predictions/AnnoCTR_RAG_seed2_setup3_gteqwen_mistral_seed2_20260526_084821.jsonl,/home/azureuser/ttp_table9_method_replication/outputs/metrics/AnnoCTR_RAG_seed2_setup3_gteqwen_mistral_seed2_20260526_084821.json,0.4099829118307079,0.3513006063690648,0.6009270678581824,1483,920.2072973251343,1103.9751245975494,,False,1
gteqwen_mistral,AnnoCTR,RAG+FSP,0,/home/azureuser/ttp_table9_method_replication/outputs/predictions/AnnoCTR_RAG+FSP_seed0_setup3_gteqwen_mistral_seed0_20260526_074547.jsonl,/home/azureuser/ttp_table9_method_replication/outputs/metrics/AnnoCTR_RAG+FSP_seed0_setup3_gteqwen_mistral_seed0_20260526_074547.json,0.40313466740564485,0.3505275969593329,0.5880830233577912,1483,920.4933617115021,1089.9276225566864,,False,1
gteqwen_mistral,AnnoCTR,RAG+FSP,1,/home/azureuser/ttp_table9_method_replication/outputs/predictions/AnnoCTR_RAG+FSP_seed1_setup3_gteqwen_mistral_seed1_20260526_084550.jsonl,/home/azureuser/ttp_table9_method_replication/outputs/metrics/AnnoCTR_RAG+FSP_seed1_setup3_gteqwen_mistral_seed1_20260526_084550.json,0.40313466740564485,0.3505275969593329,0.5880830233577912,1483,1519.8202929496765,1693.216762304306,,False,1
gteqwen_mistral,AnnoCTR,RAG+FSP,2,/home/azureuser/ttp_table9_method_replication/outputs/predictions/AnnoCTR_RAG+FSP_seed2_setup3_gteqwen_mistral_seed2_20260526_084821.jsonl,/home/azureuser/ttp_table9_method_replication/outputs/metrics/AnnoCTR_RAG+FSP_seed2_setup3_gteqwen_mistral_seed2_20260526_084821.json,0.40313466740564485,0.3505275969593329,0.5880830233577912,1483,1453.8570342063904,1624.6270732879639,,False,1
gteqwen_mistral,TRAM2,RAG,0,/home/azureuser/ttp_table9_method_replication/outputs/predictions/TRAM2_RAG_seed0_setup3_gteqwen_mistral_seed0_20260526_074547.jsonl,/home/azureuser/ttp_table9_method_replication/outputs/metrics/TRAM2_RAG_seed0_setup3_gteqwen_mistral_seed0_20260526_074547.json,0.53320380905081,0.41027320310866777,0.8529687974896704,3820,2477.9119136333466,2931.939085006714,,False,1
gteqwen_mistral,TRAM2,RAG,1,/home/azureuser/ttp_table9_method_replication/outputs/predictions/TRAM2_RAG_seed1_setup3_gteqwen_mistral_seed1_20260526_084550.jsonl,/home/azureuser/ttp_table9_method_replication/outputs/metrics/TRAM2_RAG_seed1_setup3_gteqwen_mistral_seed1_20260526_084550.json,0.53320380905081,0.41027320310866777,0.8529687974896704,3820,4115.995529174805,4571.338002443314,,False,1
gteqwen_mistral,TRAM2,RAG,2,/home/azureuser/ttp_table9_method_replication/outputs/predictions/TRAM2_RAG_seed2_setup3_gteqwen_mistral_seed2_20260526_084821.jsonl,/home/azureuser/ttp_table9_method_replication/outputs/metrics/TRAM2_RAG_seed2_setup3_gteqwen_mistral_seed2_20260526_084821.json,0.53320380905081,0.41027320310866777,0.8529687974896704,3820,4120.2164788246155,4581.306746006012,,False,1
gteqwen_mistral,TRAM2,RAG+FSP,0,/home/azureuser/ttp_table9_method_replication/outputs/predictions/TRAM2_RAG+FSP_seed0_setup3_gteqwen_mistral_seed0_20260526_074547.jsonl,/home/azureuser/ttp_table9_method_replication/outputs/metrics/TRAM2_RAG+FSP_seed0_setup3_gteqwen_mistral_seed0_20260526_074547.json,0.5301984946229692,0.39874081563051145,0.8989255731618161,3820,2744.325428247452,3187.432370662689,,False,1
gteqwen_mistral,TRAM2,RAG+FSP,1,/home/azureuser/ttp_table9_method_replication/outputs/predictions/TRAM2_RAG+FSP_seed1_setup3_gteqwen_mistral_seed1_20260526_084550.jsonl,/home/azureuser/ttp_table9_method_replication/outputs/metrics/TRAM2_RAG+FSP_seed1_setup3_gteqwen_mistral_seed1_20260526_084550.json,0.5301984946229692,0.39874081563051145,0.8989255731618161,3820,4627.905241250992,5082.828200340271,,False,1
gteqwen_mistral,TRAM2,RAG+FSP,2,/home/azureuser/ttp_table9_method_replication/outputs/predictions/TRAM2_RAG+FSP_seed2_setup3_gteqwen_mistral_seed2_20260526_084821.jsonl,/home/azureuser/ttp_table9_method_replication/outputs/metrics/TRAM2_RAG+FSP_seed2_setup3_gteqwen_mistral_seed2_20260526_084821.json,0.5301984946229692,0.39874081563051145,0.8989255731618161,3820,4619.747187614441,5079.095689535141,,False,1
gteqwen_phi35,AnnoCTR,RAG,0,/home/azureuser/ttp_table9_method_replication/outputs/predictions/AnnoCTR_RAG_seed0_setup4_gteqwen_phi35_20260527_094000.jsonl,/home/azureuser/ttp_table9_method_replication/outputs/metrics/AnnoCTR_RAG_seed0_setup4_gteqwen_phi35_20260527_094000.json,0.2591358907690177,0.3570611577964519,0.23813171692428658,1483,2570.6180052757263,2743.1946263313293,,False,1
gteqwen_phi35,AnnoCTR,RAG,1,/home/azureuser/ttp_table9_method_replication/outputs/predictions/AnnoCTR_RAG_seed1_setup4_gteqwen_phi35_20260527_094000.jsonl,/home/azureuser/ttp_table9_method_replication/outputs/metrics/AnnoCTR_RAG_seed1_setup4_gteqwen_phi35_20260527_094000.json,0.2591358907690177,0.3570611577964519,0.23813171692428658,1483,2624.135999999998,,,False,4
gteqwen_phi35,AnnoCTR,RAG,2,/home/azureuser/ttp_table9_method_replication/outputs/predictions/AnnoCTR_RAG_seed2_setup4_gteqwen_phi35_20260527_094000.jsonl,/home/azureuser/ttp_table9_method_replication/outputs/metrics/AnnoCTR_RAG_seed2_setup4_gteqwen_phi35_20260527_094000.json,0.2591358907690177,0.3570611577964519,0.23813171692428658,1483,2616.5589999999997,,,False,4
gteqwen_phi35,AnnoCTR,RAG+FSP,0,/home/azureuser/ttp_table9_method_replication/outputs/predictions/AnnoCTR_RAG+FSP_seed0_setup4_gteqwen_phi35_20260527_094000.jsonl,/home/azureuser/ttp_table9_method_replication/outputs/metrics/AnnoCTR_RAG+FSP_seed0_setup4_gteqwen_phi35_20260527_094000.json,0.3546857947815559,0.42437611408199644,0.3739566204349486,1483,2845.8137612342834,3020.111115217209,,False,1
gteqwen_phi35,AnnoCTR,RAG+FSP,1,/home/azureuser/ttp_table9_method_replication/outputs/predictions/AnnoCTR_RAG+FSP_seed1_setup4_gteqwen_phi35_20260527_094000.jsonl,/home/azureuser/ttp_table9_method_replication/outputs/metrics/AnnoCTR_RAG+FSP_seed1_setup4_gteqwen_phi35_20260527_094000.json,0.3546857947815559,0.42437611408199644,0.3739566204349486,1483,2912.4280000000067,,,False,4
gteqwen_phi35,AnnoCTR,RAG+FSP,2,/home/azureuser/ttp_table9_method_replication/outputs/predictions/AnnoCTR_RAG+FSP_seed2_setup4_gteqwen_phi35_20260527_094000.jsonl,/home/azureuser/ttp_table9_method_replication/outputs/metrics/AnnoCTR_RAG+FSP_seed2_setup4_gteqwen_phi35_20260527_094000.json,0.3546857947815559,0.42437611408199644,0.3739566204349486,1483,2895.051999999999,,,False,4
gteqwen_phi35,TRAM2,RAG,0,/home/azureuser/ttp_table9_method_replication/outputs/predictions/TRAM2_RAG_seed0_setup4_gteqwen_phi35_20260527_094000.jsonl,/home/azureuser/ttp_table9_method_replication/outputs/metrics/TRAM2_RAG_seed0_setup4_gteqwen_phi35_20260527_094000.json,0.4164444432557621,0.5138924678390309,0.37860958459630184,3820,8036.007000000012,,,False,4
gteqwen_phi35,TRAM2,RAG,1,/home/azureuser/ttp_table9_method_replication/outputs/predictions/TRAM2_RAG_seed1_setup4_gteqwen_phi35_20260527_094000.jsonl,/home/azureuser/ttp_table9_method_replication/outputs/metrics/TRAM2_RAG_seed1_setup4_gteqwen_phi35_20260527_094000.json,0.4164444432557621,0.5138924678390309,0.37860958459630184,3820,7951.126000000004,,,False,4
gteqwen_phi35,TRAM2,RAG,2,/home/azureuser/ttp_table9_method_replication/outputs/predictions/TRAM2_RAG_seed2_setup4_gteqwen_phi35_20260527_094000.jsonl,/home/azureuser/ttp_table9_method_replication/outputs/metrics/TRAM2_RAG_seed2_setup4_gteqwen_phi35_20260527_094000.json,0.4164444432557621,0.5138924678390309,0.37860958459630184,3820,7896.336999999995,,,False,4
gteqwen_phi35,TRAM2,RAG+FSP,0,/home/azureuser/ttp_table9_method_replication/outputs/predictions/TRAM2_RAG+FSP_seed0_setup4_gteqwen_phi35_20260527_094000.jsonl,/home/azureuser/ttp_table9_method_replication/outputs/metrics/TRAM2_RAG+FSP_seed0_setup4_gteqwen_phi35_20260527_094000.json,0.4980221097995027,0.4543779423329758,0.5842006333325119,3820,8048.388000000003,,,False,4
gteqwen_phi35,TRAM2,RAG+FSP,1,/home/azureuser/ttp_table9_method_replication/outputs/predictions/TRAM2_RAG+FSP_seed1_setup4_gteqwen_phi35_20260527_094000.jsonl,/home/azureuser/ttp_table9_method_replication/outputs/metrics/TRAM2_RAG+FSP_seed1_setup4_gteqwen_phi35_20260527_094000.json,0.4980221097995027,0.4543779423329758,0.5842006333325119,3820,8202.584000000004,,,False,4
gteqwen_phi35,TRAM2,RAG+FSP,2,/home/azureuser/ttp_table9_method_replication/outputs/predictions/TRAM2_RAG+FSP_seed2_setup4_gteqwen_phi35_20260527_094000.jsonl,/home/azureuser/ttp_table9_method_replication/outputs/metrics/TRAM2_RAG+FSP_seed2_setup4_gteqwen_phi35_20260527_094000.json,0.4980221097995027,0.4543779423329758,0.5842006333325119,3820,8118.620999999989,,,False,4
