"tactic_short","tactic_id","name","description","stix_id"
"credential-access","TA0031","Credential Access","The adversary is trying to steal account names, passwords, or other secrets that enable access to resources.\n\nCredential access represents techniques that can be used by adversaries to obtain access to or control over passwords, tokens, cryptographic keys, or other values that could be used by an adversary to gain unauthorized access to resources. Credential access allows the adversary to assume the identity of an account, with all of that account's permissions on the system and network, and makes it harder for defenders to detect the adversary. With sufficient access within a network, an adversary can create accounts for later use within the environment.","x-mitre-tactic--6fcb36b8-3776-483b-8699-42215714fb10"
"defense-impairment","TA0112","Defense Impairment","The adversary is trying to break security mechanisms, pipelines, and tooling so defenders can’t see or trust what’s happening.\n\nDefense Impairment consists of techniques that degrade, disable, or undermine the effectiveness and trustworthiness of security controls and monitoring mechanisms. These techniques are characterized by direct interference with defensive systems. The goal is to reduce defenders’ ability to detect, interpret, or respond to adversary activity.","x-mitre-tactic--43c49635-f2fa-44f2-92b9-0ee980bbf4ef"
"execution","TA0104","Execution","The adversary is trying to run code or manipulate system functions, parameters, and data in an unauthorized way.\n\nExecution consists of techniques that result in adversary-controlled code running on a local or remote system, device, or other asset. This execution may also rely on unknowing end users or the manipulation of device operating modes to run. Adversaries may infect remote targets with programmed executables or malicious project files that operate according to specified behavior and may alter expected device behavior in subtle ways. Commands for execution may also be issued from command-line interfaces, APIs, GUIs, or other available interfaces. Techniques that run malicious code may also be paired with techniques from other tactics, particularly to aid network [Discovery](https://attack.mitre.org/tactics/TA0102) and [Collection](https://attack.mitre.org/tactics/TA0100), impact operations, and inhibit response functions.","x-mitre-tactic--93bf9a8e-b14c-4587-b6d5-9efc7c12eb45"
"impact","TA0105","Impact","The adversary is trying to manipulate, interrupt, or destroy your ICS systems, data, and their surrounding environment.\n\nImpact consists of techniques that adversaries use to disrupt, compromise, destroy, and manipulate the integrity and availability of control system operations, processes, devices, and data. These techniques encompass the influence and effects resulting from adversarial efforts to attack the ICS environment or that tangentially impact it. Impact techniques can result in more instantaneous disruption to control processes and the operator, or may result in more long term damage or loss to the ICS environment and related operations. The adversary may leverage [Impair Process Control](https://attack.mitre.org/tactics/TA0106) techniques, which often manifest in more self-revealing impacts on operations, or [Impair Process Control](https://attack.mitre.org/tactics/TA0106) techniques to hinder safeguards and alarms in order to follow through with and provide cover for Impact. In some scenarios, control system processes can appear to function as expected, but may have been altered to benefit the adversary’s goal over the course of a longer duration. These techniques might be used by adversaries to follow through on their end goal or to provide cover for a confidentiality breach.\n\n[Loss of Productivity and Revenue](https://attack.mitre.org/techniques/T0828), [Theft of Operational Information](https://attack.mitre.org/techniques/T0882), and [Damage to Property](https://attack.mitre.org/techniques/T0879) are meant to encompass some of the more granular goals of adversaries in targeted and untargeted attacks. These techniques in and of themselves are not necessarily detectable, but the associated adversary behavior can potentially be mitigated and/or detected.","x-mitre-tactic--77542f83-70d0-40c2-8a9d-ad2eb8b00279"
"persistence","TA0110","Persistence","The adversary is trying to maintain their foothold in your ICS environment.\n\nPersistence consists of techniques that adversaries use to maintain access to ICS systems and devices across restarts, changed credentials, and other interruptions that could cut off their access. Techniques used for persistence include any access, action, or configuration changes that allow them to secure their ongoing activity and keep their foothold on systems. This may include replacing or hijacking legitimate code, firmware, and other project files, or adding startup code and downloading programs onto devices.","x-mitre-tactic--78f1d2ae-a579-44c4-8fc5-3e1775c73fac"
"privilege-escalation","TA0111","Privilege Escalation","The adversary is trying to gain higher-level permissions.\n\nPrivilege Escalation consists of techniques that adversaries use to gain higher-level permissions on a system or network. Adversaries can often enter and explore a network with unprivileged access but require elevated permissions to follow through on their objectives. Common approaches are to take advantage of system weaknesses, misconfigurations, and vulnerabilities.","x-mitre-tactic--33752ae7-f875-4f43-bdb6-d8d02d341046"
"lateral-movement","TA0109","Lateral Movement","The adversary is trying to move through your ICS environment.\n\nLateral Movement consists of techniques that adversaries use to enter and control remote systems on a network. These techniques abuse default credentials, known accounts, and vulnerable services, and may also leverage dual-homed devices and systems that reside on both the IT and OT networks. The adversary uses these techniques to pivot to their next point in the environment, positioning themselves to where they want to be or think they should be. Following through on their primary objective often requires [Discovery](https://attack.mitre.org/tactics/TA0102) of the network and [Collection](https://attack.mitre.org/tactics/TA0100) to develop awareness of unique ICS devices and processes, in order to find their target and subsequently gain access to it. Reaching this objective often involves pivoting through multiple systems, devices, and accounts. Adversaries may install their own remote tools to accomplish Lateral Movement or leverage default tools, programs, and manufacturer set or other legitimate credentials native to the network, which may be stealthier.","x-mitre-tactic--51c25a9e-8615-40c0-8afd-1da578847924"
"stealth","TA0005","Stealth","The adversary is trying to hide and conceal their actions, appearing as normal behavior.\n\nStealth consists of techniques that reduce the likelihood of detection by blending in with legitimate activity or minimizing observable signals. These techniques are characterized by concealment behaviors, such as avoiding, obfuscating, or mimicking normal operations, without modifying security controls or compromising collection and monitoring feeds. The goal is to remain indistinguishable from benign activity while leaving defensive systems intact.","x-mitre-tactic--78b23412-0651-46d7-a540-170a1ce8bd5a"
"exfiltration","TA0036","Exfiltration","The adversary is trying to steal data.\n\nExfiltration refers to techniques and attributes that result or aid in the adversary removing files and information from the targeted mobile device.\n\nIn the mobile environment, mobile devices are frequently connected to networks outside enterprise control such as cellular networks or public Wi-Fi networks. Adversaries could attempt to evade detection by communicating on these networks, and potentially even by using non-Internet Protocol mechanisms such as Short Message Service (SMS). However, cellular networks often have data caps and/or extra data charges that could increase the potential for adversarial communication to be detected.","x-mitre-tactic--10fa8d8d-1b04-4176-917e-738724239981"
"discovery","TA0102","Discovery","The adversary is locating information to assess and identify their targets in your environment.\n\nDiscovery consists of techniques that adversaries use to survey your ICS environment and gain knowledge about the internal network, control system devices, and how their processes interact. These techniques help adversaries observe the environment and determine next steps for target selection and Lateral Movement. They also allow adversaries to explore what they can control and gain insight on interactions between various control system processes. Discovery techniques are often an act of progression into the environment which enable the adversary to orient themselves before deciding how to act. Adversaries may use Discovery techniques that result in Collection, to help determine how available resources benefit their current objective. A combination of native device communications and functions, and custom tools are often used toward this post-compromise information-gathering objective.","x-mitre-tactic--696af733-728e-49d7-8261-75fdc590f453"
"collection","TA0100","Collection","The adversary is trying to gather data of interest and domain knowledge on your ICS environment to inform their goal.\n\nCollection consists of techniques adversaries use to gather domain knowledge and obtain contextual feedback in an ICS environment. This tactic is often performed as part of [Discovery](https://attack.mitre.org/tactics/TA0102), to compile data on control systems and targets of interest that may be used to follow through on the adversary’s objective. Examples of these techniques include observing operation states, capturing screenshots, identifying unique device roles, and gathering system and diagram schematics. Collection of this data can play a key role in planning, executing, and even revising an ICS-targeted attack. Methods of collection depend on the categories of data being targeted, which can include protocol specific, device specific, and process specific configurations and functionality. Information collected may pertain to a combination of system, supervisory, device, and network related data, which conceptually fall under high, medium, and low levels of plan operations. For example, information repositories on plant data at a high level or device specific programs at a low level. Sensitive floor plans, vendor device manuals, and other references may also be at risk and exposed on the internet or otherwise publicly accessible.","x-mitre-tactic--b2a67b1e-913c-46f6-b219-048a90560bb9"
"resource-development","TA0042","Resource Development","The adversary is trying to establish resources they can use to support operations.\n\nResource Development consists of techniques that involve adversaries creating, purchasing, or compromising/stealing resources that can be used to support targeting. Such resources include infrastructure, accounts, or capabilities. These resources can be leveraged by the adversary to aid in other phases of the adversary lifecycle, such as using purchased domains to support Command and Control, email accounts for phishing as a part of Initial Access, or stealing code signing certificates to help with Defense Evasion.","x-mitre-tactic--d679bca2-e57d-4935-8650-8031c87a4400"
"reconnaissance","TA0043","Reconnaissance","The adversary is trying to gather information they can use to plan future operations.\n\nReconnaissance consists of techniques that involve adversaries actively or passively gathering information that can be used to support targeting. Such information may include details of the victim organization, infrastructure, or staff/personnel. This information can be leveraged by the adversary to aid in other phases of the adversary lifecycle, such as using gathered information to plan and execute Initial Access, to scope and prioritize post-compromise objectives, or to drive and lead further Reconnaissance efforts.","x-mitre-tactic--daa4cbb1-b4f4-4723-a824-7f1efd6e0592"
"command-and-control","TA0101","Command and Control","The adversary is trying to communicate with and control compromised systems, controllers, and platforms with access to your ICS environment.\n\nCommand and Control consists of techniques that adversaries use to communicate with and send commands to compromised systems, devices, controllers, and platforms with specialized applications used in ICS environments. Examples of these specialized communication devices include human machine interfaces (HMIs), data historians, SCADA servers, and engineering workstations (EWS). Adversaries often seek to use commonly available resources and mimic expected network traffic to avoid detection and suspicion. For instance, commonly used ports and protocols in ICS environments, and even expected IT resources, depending on the target network. Command and Control may be established to varying degrees of stealth, often depending on the victim’s network structure and defenses.","x-mitre-tactic--97c8ff73-bd14-4b6c-ac32-3d91d2c41e3f"
"initial-access","TA0108","Initial Access","The adversary is trying to get into your ICS environment.\n\nInitial Access consists of techniques that adversaries may use as entry vectors to gain an initial foothold within an ICS environment. These techniques include compromising operational technology assets, IT resources in the OT network, and external remote services and websites. They may also target third party entities and users with privileged access. In particular, these initial access footholds may include devices and communication mechanisms with access to and privileges in both the IT and OT environments. IT resources in the OT environment are also potentially vulnerable to the same attacks as enterprise IT systems. Trusted third parties of concern may include vendors, maintenance personnel, engineers, external integrators, and other outside entities involved in expected ICS operations. Vendor maintained assets may include physical devices, software, and operational equipment. Initial access techniques may also leverage outside devices, such as radios, controllers, or removable media, to remotely interfere with and possibly infect OT operations.","x-mitre-tactic--69da72d2-f550-41c5-ab9e-e8255707f28a"
"defense-evasion","TA0030","Defense Evasion"," The adversary is trying to avoid being detected.\n\nDefense evasion consists of techniques an adversary may use to evade detection or avoid other defenses. Sometimes these actions are the same as or variations of techniques in other categories that have the added benefit of subverting a particular defense or mitigation. Defense evasion may be considered a set of attributes the adversary applies to all other phases of the operation.","x-mitre-tactic--987cda6d-eb77-406b-bf68-bcb5f3d2e1df"
"network-effects","TA0038","Network Effects","The adversary is trying to intercept or manipulate network traffic to or from a device.\n\nThis category refers to network-based techniques that an adversary may be able to use to fulfill his or her objectives without access to the mobile device itself. These include techniques to intercept or manipulate network traffic to and from the mobile device.","x-mitre-tactic--9eb4c21e-4fa8-44c9-b167-dbfc455f9210"
"remote-service-effects","TA0039","Remote Service Effects","The adversary is trying to control or monitor the device using remote services.\n\nThis category refers to techniques involving remote services, such as vendor-provided cloud services (e.g. Google Drive, Google Find My Device, or Apple iCloud), or enterprise mobility management (EMM)/mobile device management (MDM) services that an adversary may be able to use to fulfill his or her objectives without access to the mobile device itself.","x-mitre-tactic--e78d7d60-41b5-49b7-b0a9-5c5d4cbabe17"
"inhibit-response-function","TA0107","Inhibit Response Function","The adversary is trying to prevent your safety, protection, quality assurance, and operator intervention functions from responding to a failure, hazard, or unsafe state.\n\nInhibit Response Function consists of techniques that adversaries use to hinder the safeguards put in place for processes and products. This may involve the inhibition of safety, protection, quality assurance, or operator intervention functions to disrupt safeguards that aim to prevent the loss of life, destruction of equipment, and disruption of production. These techniques aim to actively deter and prevent expected alarms and responses that arise due to statuses in the ICS environment. Adversaries may modify or update system logic, or even outright prevent responses with a denial-of-service. They may result in the prevention, destruction, manipulation, or modification of programs, logic, devices, and communications. As prevention functions are generally dormant, reporting and processing functions can appear fine, but may have been altered to prevent failure responses in dangerous scenarios. Unlike [Evasion](https://attack.mitre.org/tactics/TA0103), Inhibit Response Function techniques may be more intrusive, such as actively preventing responses to a known dangerous scenario. Adversaries may use these techniques to follow through with or provide cover for [Impact](https://attack.mitre.org/tactics/TA0105) techniques.","x-mitre-tactic--298fe907-7931-4fd2-8131-2814dd493134"
"evasion","TA0103","Evasion","The adversary is trying to avoid security defenses.\n\nEvasion consists of techniques that adversaries use to avoid technical defenses throughout their campaign. Techniques used for evasion include removal of indicators of compromise, spoofing communications, and exploiting software vulnerabilities. Adversaries may also leverage and abuse trusted devices and processes to hide their activity, possibly by masquerading as master devices or native software. Methods of defense evasion for this purpose are often more passive in nature.","x-mitre-tactic--ddf70682-f3ce-479c-a9a4-7eadf9bfead7"
"impair-process-control","TA0106","Impair Process Control","The adversary is trying to manipulate, disable, or damage physical control processes.\n\nImpair Process Control consists of techniques that adversaries use to disrupt control logic and cause determinantal effects to processes being controlled in the target environment. Targets of interest may include active procedures or parameters that manipulate the physical environment. These techniques can also include prevention or manipulation of reporting elements and control logic. If an adversary has modified process functionality, then they may also obfuscate the results, which are often self-revealing in their impact on the outcome of a product or the environment. The direct physical control these techniques exert may also threaten the safety of operators and downstream users, which can prompt response mechanisms. Adversaries may follow up with or use [Inhibit Response Function](https://attack.mitre.org/tactics/TA0107) techniques in tandem, to assist with the successful abuse of control processes to result in [Impact](https://attack.mitre.org/tactics/TA0105).","x-mitre-tactic--ff048b6c-b872-4218-b68c-3735ebd1f024"
