"relation_id","source_iri","relationship_type","target_iri","source_file","ontology_format","loaded_at"
"malontrel::43eee7adeb34a21a1dc70510","http://idea.rpi.edu/malont#Address","rdfs:subClassOf","http://www.semanticweb.org/yeed3/ontologies/2020/5/untitled-ontology-16#Indicator","C:\Users\fedev\Desktop\phd10maggio-backup\kg_neo4j_cti_malont_reasoning\data\malont\MALOnt.owl","xml","2026-05-21T10:09:33Z"
"malontrel::ab977b4b1116bc6e546df622","http://idea.rpi.edu/malont#Adware","rdfs:subClassOf","http://idea.rpi.edu/malont#Malware","C:\Users\fedev\Desktop\phd10maggio-backup\kg_neo4j_cti_malont_reasoning\data\malont\MALOnt.owl","xml","2026-05-21T10:09:33Z"
"malontrel::e5458a252186dc2bef2d7af1","http://idea.rpi.edu/malont#Amplification","rdfs:subClassOf","http://idea.rpi.edu/malont#Infrastructure","C:\Users\fedev\Desktop\phd10maggio-backup\kg_neo4j_cti_malont_reasoning\data\malont\MALOnt.owl","xml","2026-05-21T10:09:33Z"
"malontrel::25f7f83a95c05d4dfd5ae538","http://idea.rpi.edu/malont#Anonymization","rdfs:subClassOf","http://idea.rpi.edu/malont#Infrastructure","C:\Users\fedev\Desktop\phd10maggio-backup\kg_neo4j_cti_malont_reasoning\data\malont\MALOnt.owl","xml","2026-05-21T10:09:33Z"
"malontrel::bf8cd6994dbaa597ce2407d4","http://idea.rpi.edu/malont#Application","rdfs:subClassOf","http://idea.rpi.edu/malont#Software","C:\Users\fedev\Desktop\phd10maggio-backup\kg_neo4j_cti_malont_reasoning\data\malont\MALOnt.owl","xml","2026-05-21T10:09:33Z"
"malontrel::f17e4394c902cf5313b9ddde","http://idea.rpi.edu/malont#AttackPattern_LargeDescription","rdfs:subClassOf","http://idea.rpi.edu/malont#AttackPattern","C:\Users\fedev\Desktop\phd10maggio-backup\kg_neo4j_cti_malont_reasoning\data\malont\MALOnt.owl","xml","2026-05-21T10:09:33Z"
"malontrel::afe90c7dd4ab2fad58d2db1b","http://idea.rpi.edu/malont#AttackPattern_SmallDescription","rdfs:subClassOf","http://idea.rpi.edu/malont#AttackPattern","C:\Users\fedev\Desktop\phd10maggio-backup\kg_neo4j_cti_malont_reasoning\data\malont\MALOnt.owl","xml","2026-05-21T10:09:33Z"
"malontrel::846fb84499c5e7ab49fb46ba","http://idea.rpi.edu/malont#Backdoor","rdfs:subClassOf","http://idea.rpi.edu/malont#Malware","C:\Users\fedev\Desktop\phd10maggio-backup\kg_neo4j_cti_malont_reasoning\data\malont\MALOnt.owl","xml","2026-05-21T10:09:33Z"
"malontrel::e912027ab5ea1309326fbe19","http://idea.rpi.edu/malont#Bootkit","rdfs:subClassOf","http://idea.rpi.edu/malont#Malware","C:\Users\fedev\Desktop\phd10maggio-backup\kg_neo4j_cti_malont_reasoning\data\malont\MALOnt.owl","xml","2026-05-21T10:09:33Z"
"malontrel::be3faf993c483203502350bd","http://idea.rpi.edu/malont#Bot","rdfs:subClassOf","http://idea.rpi.edu/malont#Malware","C:\Users\fedev\Desktop\phd10maggio-backup\kg_neo4j_cti_malont_reasoning\data\malont\MALOnt.owl","xml","2026-05-21T10:09:33Z"
"malontrel::fe991000fe54bbd3283895f5","http://idea.rpi.edu/malont#Botnet","rdfs:subClassOf","http://idea.rpi.edu/malont#Infrastructure","C:\Users\fedev\Desktop\phd10maggio-backup\kg_neo4j_cti_malont_reasoning\data\malont\MALOnt.owl","xml","2026-05-21T10:09:33Z"
"malontrel::17d21b7b5adef612ba780143","http://idea.rpi.edu/malont#Browser","rdfs:subClassOf","http://idea.rpi.edu/malont#Software","C:\Users\fedev\Desktop\phd10maggio-backup\kg_neo4j_cti_malont_reasoning\data\malont\MALOnt.owl","xml","2026-05-21T10:09:33Z"
"malontrel::c59ada46a90c5206edb9fcf2","http://idea.rpi.edu/malont#CommandAndControl","rdfs:subClassOf","http://idea.rpi.edu/malont#Infrastructure","C:\Users\fedev\Desktop\phd10maggio-backup\kg_neo4j_cti_malont_reasoning\data\malont\MALOnt.owl","xml","2026-05-21T10:09:33Z"
"malontrel::3b0e2775afe695b7bd9765df","http://idea.rpi.edu/malont#Country","rdfs:subClassOf","http://idea.rpi.edu/malont#Location","C:\Users\fedev\Desktop\phd10maggio-backup\kg_neo4j_cti_malont_reasoning\data\malont\MALOnt.owl","xml","2026-05-21T10:09:33Z"
"malontrel::571b4815c1196c651badf661","http://idea.rpi.edu/malont#DDoS","rdfs:subClassOf","http://idea.rpi.edu/malont#Malware","C:\Users\fedev\Desktop\phd10maggio-backup\kg_neo4j_cti_malont_reasoning\data\malont\MALOnt.owl","xml","2026-05-21T10:09:33Z"
"malontrel::61eed8a02c1729227195998d","http://idea.rpi.edu/malont#DomainName","rdfs:subClassOf","http://www.semanticweb.org/yeed3/ontologies/2020/5/untitled-ontology-16#Indicator","C:\Users\fedev\Desktop\phd10maggio-backup\kg_neo4j_cti_malont_reasoning\data\malont\MALOnt.owl","xml","2026-05-21T10:09:33Z"
"malontrel::7e9e40db1859866c77282a6b","http://idea.rpi.edu/malont#Downloader","rdfs:subClassOf","http://idea.rpi.edu/malont#Malware","C:\Users\fedev\Desktop\phd10maggio-backup\kg_neo4j_cti_malont_reasoning\data\malont\MALOnt.owl","xml","2026-05-21T10:09:33Z"
"malontrel::4909cb5b84aeeb5710aa1c0e","http://idea.rpi.edu/malont#Dropper","rdfs:subClassOf","http://idea.rpi.edu/malont#Malware","C:\Users\fedev\Desktop\phd10maggio-backup\kg_neo4j_cti_malont_reasoning\data\malont\MALOnt.owl","xml","2026-05-21T10:09:33Z"
"malontrel::a8c4fecd5556f2bad0e995e2","http://idea.rpi.edu/malont#Exfiltration","rdfs:subClassOf","http://idea.rpi.edu/malont#Infrastructure","C:\Users\fedev\Desktop\phd10maggio-backup\kg_neo4j_cti_malont_reasoning\data\malont\MALOnt.owl","xml","2026-05-21T10:09:33Z"
"malontrel::d751a77d6780510243ea5614","http://idea.rpi.edu/malont#Exploit-kit","rdfs:subClassOf","http://idea.rpi.edu/malont#Malware","C:\Users\fedev\Desktop\phd10maggio-backup\kg_neo4j_cti_malont_reasoning\data\malont\MALOnt.owl","xml","2026-05-21T10:09:33Z"
"malontrel::9c916d8a6d4c9ba71e615541","http://idea.rpi.edu/malont#File","rdfs:subClassOf","http://www.semanticweb.org/yeed3/ontologies/2020/5/untitled-ontology-16#Indicator","C:\Users\fedev\Desktop\phd10maggio-backup\kg_neo4j_cti_malont_reasoning\data\malont\MALOnt.owl","xml","2026-05-21T10:09:33Z"
"malontrel::1b1732f3f15b60ba0ae1c5e4","http://idea.rpi.edu/malont#Filepath","rdfs:subClassOf","http://www.semanticweb.org/yeed3/ontologies/2020/5/untitled-ontology-16#Indicator","C:\Users\fedev\Desktop\phd10maggio-backup\kg_neo4j_cti_malont_reasoning\data\malont\MALOnt.owl","xml","2026-05-21T10:09:33Z"
"malontrel::e0111d93c300527b9397428f","http://idea.rpi.edu/malont#GeneralVirus","rdfs:subClassOf","http://idea.rpi.edu/malont#Malware","C:\Users\fedev\Desktop\phd10maggio-backup\kg_neo4j_cti_malont_reasoning\data\malont\MALOnt.owl","xml","2026-05-21T10:09:33Z"
"malontrel::dbbc94b6aba9d582fcb0dad6","http://idea.rpi.edu/malont#Hardware","rdfs:subClassOf","http://idea.rpi.edu/malont#System","C:\Users\fedev\Desktop\phd10maggio-backup\kg_neo4j_cti_malont_reasoning\data\malont\MALOnt.owl","xml","2026-05-21T10:09:33Z"
"malontrel::53cadd6984d7d84dc7dbb400","http://idea.rpi.edu/malont#Hash","rdfs:subClassOf","http://www.semanticweb.org/yeed3/ontologies/2020/5/untitled-ontology-16#Indicator","C:\Users\fedev\Desktop\phd10maggio-backup\kg_neo4j_cti_malont_reasoning\data\malont\MALOnt.owl","xml","2026-05-21T10:09:33Z"
"malontrel::726b050925c7c36353efb054","http://idea.rpi.edu/malont#HostingMalware","rdfs:subClassOf","http://idea.rpi.edu/malont#Infrastructure","C:\Users\fedev\Desktop\phd10maggio-backup\kg_neo4j_cti_malont_reasoning\data\malont\MALOnt.owl","xml","2026-05-21T10:09:33Z"
"malontrel::ad704dfd93cccfa66bba9efa","http://idea.rpi.edu/malont#HostingTargetLists","rdfs:subClassOf","http://idea.rpi.edu/malont#Infrastructure","C:\Users\fedev\Desktop\phd10maggio-backup\kg_neo4j_cti_malont_reasoning\data\malont\MALOnt.owl","xml","2026-05-21T10:09:33Z"
"malontrel::db25333d51c3e9d80e680431","http://idea.rpi.edu/malont#Keylogger","rdfs:subClassOf","http://idea.rpi.edu/malont#Malware","C:\Users\fedev\Desktop\phd10maggio-backup\kg_neo4j_cti_malont_reasoning\data\malont\MALOnt.owl","xml","2026-05-21T10:09:33Z"
"malontrel::133036b1ef7ddd7c7bb57533","http://idea.rpi.edu/malont#MD5","rdfs:subClassOf","http://idea.rpi.edu/malont#Hash","C:\Users\fedev\Desktop\phd10maggio-backup\kg_neo4j_cti_malont_reasoning\data\malont\MALOnt.owl","xml","2026-05-21T10:09:33Z"
"malontrel::409ba41adf9b6545d47e8829","http://idea.rpi.edu/malont#Network","rdfs:subClassOf","http://www.semanticweb.org/yeed3/ontologies/2020/5/untitled-ontology-16#Indicator","C:\Users\fedev\Desktop\phd10maggio-backup\kg_neo4j_cti_malont_reasoning\data\malont\MALOnt.owl","xml","2026-05-21T10:09:33Z"
"malontrel::a14428a701b08ee6be124f16","http://idea.rpi.edu/malont#OperatingSystem","rdfs:subClassOf","http://idea.rpi.edu/malont#Software","C:\Users\fedev\Desktop\phd10maggio-backup\kg_neo4j_cti_malont_reasoning\data\malont\MALOnt.owl","xml","2026-05-21T10:09:33Z"
"malontrel::f8b75c6daa8cf1d92746cc81","http://idea.rpi.edu/malont#Phishing","rdfs:subClassOf","http://idea.rpi.edu/malont#Infrastructure","C:\Users\fedev\Desktop\phd10maggio-backup\kg_neo4j_cti_malont_reasoning\data\malont\MALOnt.owl","xml","2026-05-21T10:09:33Z"
"malontrel::a7fd8b6447230dbd1fb1c2f4","http://idea.rpi.edu/malont#Port","rdfs:subClassOf","http://www.semanticweb.org/yeed3/ontologies/2020/5/untitled-ontology-16#Indicator","C:\Users\fedev\Desktop\phd10maggio-backup\kg_neo4j_cti_malont_reasoning\data\malont\MALOnt.owl","xml","2026-05-21T10:09:33Z"
"malontrel::0ecf21aa3c5095fc9822e0b6","http://idea.rpi.edu/malont#Protocol","rdfs:subClassOf","http://www.semanticweb.org/yeed3/ontologies/2020/5/untitled-ontology-16#Indicator","C:\Users\fedev\Desktop\phd10maggio-backup\kg_neo4j_cti_malont_reasoning\data\malont\MALOnt.owl","xml","2026-05-21T10:09:33Z"
"malontrel::f09f16563d0350bdc1b125ec","http://idea.rpi.edu/malont#Ransomware","rdfs:subClassOf","http://idea.rpi.edu/malont#Malware","C:\Users\fedev\Desktop\phd10maggio-backup\kg_neo4j_cti_malont_reasoning\data\malont\MALOnt.owl","xml","2026-05-21T10:09:33Z"
"malontrel::3c8d102bc58065acd5efb206","http://idea.rpi.edu/malont#Reconnaissance","rdfs:subClassOf","http://idea.rpi.edu/malont#Infrastructure","C:\Users\fedev\Desktop\phd10maggio-backup\kg_neo4j_cti_malont_reasoning\data\malont\MALOnt.owl","xml","2026-05-21T10:09:33Z"
"malontrel::8128d3d60ed945ae3687586a","http://idea.rpi.edu/malont#Region","rdfs:subClassOf","http://idea.rpi.edu/malont#Location","C:\Users\fedev\Desktop\phd10maggio-backup\kg_neo4j_cti_malont_reasoning\data\malont\MALOnt.owl","xml","2026-05-21T10:09:33Z"
"malontrel::4e0955f98cfd98d2aa9da95b","http://idea.rpi.edu/malont#RemoteAccessTrojan-RAT","rdfs:subClassOf","http://idea.rpi.edu/malont#Malware","C:\Users\fedev\Desktop\phd10maggio-backup\kg_neo4j_cti_malont_reasoning\data\malont\MALOnt.owl","xml","2026-05-21T10:09:33Z"
"malontrel::c9c38dada38c527f4e2dc28d","http://idea.rpi.edu/malont#ResourceExploitation","rdfs:subClassOf","http://idea.rpi.edu/malont#Malware","C:\Users\fedev\Desktop\phd10maggio-backup\kg_neo4j_cti_malont_reasoning\data\malont\MALOnt.owl","xml","2026-05-21T10:09:33Z"
"malontrel::dd645f098fa05f7738de2040","http://idea.rpi.edu/malont#RogueSecuritySoftware","rdfs:subClassOf","http://idea.rpi.edu/malont#Malware","C:\Users\fedev\Desktop\phd10maggio-backup\kg_neo4j_cti_malont_reasoning\data\malont\MALOnt.owl","xml","2026-05-21T10:09:33Z"
"malontrel::55baa24ba128bd37ad81d40c","http://idea.rpi.edu/malont#Rootkit","rdfs:subClassOf","http://idea.rpi.edu/malont#Malware","C:\Users\fedev\Desktop\phd10maggio-backup\kg_neo4j_cti_malont_reasoning\data\malont\MALOnt.owl","xml","2026-05-21T10:09:33Z"
"malontrel::a6c64012871d2dbdca11561c","http://idea.rpi.edu/malont#SHA","rdfs:subClassOf","http://idea.rpi.edu/malont#Hash","C:\Users\fedev\Desktop\phd10maggio-backup\kg_neo4j_cti_malont_reasoning\data\malont\MALOnt.owl","xml","2026-05-21T10:09:33Z"
"malontrel::e3a4c98fcc98ba7c8d41b5dd","http://idea.rpi.edu/malont#SHA-1","rdfs:subClassOf","http://idea.rpi.edu/malont#SHA","C:\Users\fedev\Desktop\phd10maggio-backup\kg_neo4j_cti_malont_reasoning\data\malont\MALOnt.owl","xml","2026-05-21T10:09:33Z"
"malontrel::18d72fb18ba8c5258d663488","http://idea.rpi.edu/malont#SHA-256","rdfs:subClassOf","http://idea.rpi.edu/malont#SHA","C:\Users\fedev\Desktop\phd10maggio-backup\kg_neo4j_cti_malont_reasoning\data\malont\MALOnt.owl","xml","2026-05-21T10:09:33Z"
"malontrel::fd3d3d0a7a8028f19b1086c3","http://idea.rpi.edu/malont#SSDeep","rdfs:subClassOf","http://idea.rpi.edu/malont#Hash","C:\Users\fedev\Desktop\phd10maggio-backup\kg_neo4j_cti_malont_reasoning\data\malont\MALOnt.owl","xml","2026-05-21T10:09:33Z"
"malontrel::90f43529e2a179d1d209d28e","http://idea.rpi.edu/malont#ScreenCapture","rdfs:subClassOf","http://idea.rpi.edu/malont#Malware","C:\Users\fedev\Desktop\phd10maggio-backup\kg_neo4j_cti_malont_reasoning\data\malont\MALOnt.owl","xml","2026-05-21T10:09:33Z"
"malontrel::c4585f606df0994f861c8a7f","http://idea.rpi.edu/malont#Software","rdfs:subClassOf","http://idea.rpi.edu/malont#System","C:\Users\fedev\Desktop\phd10maggio-backup\kg_neo4j_cti_malont_reasoning\data\malont\MALOnt.owl","xml","2026-05-21T10:09:33Z"
"malontrel::32c5e3ed9c84744f39115189","http://idea.rpi.edu/malont#Spyware","rdfs:subClassOf","http://idea.rpi.edu/malont#Malware","C:\Users\fedev\Desktop\phd10maggio-backup\kg_neo4j_cti_malont_reasoning\data\malont\MALOnt.owl","xml","2026-05-21T10:09:33Z"
"malontrel::5a9f9326f1ca47684aae7de5","http://idea.rpi.edu/malont#Staging","rdfs:subClassOf","http://idea.rpi.edu/malont#Infrastructure","C:\Users\fedev\Desktop\phd10maggio-backup\kg_neo4j_cti_malont_reasoning\data\malont\MALOnt.owl","xml","2026-05-21T10:09:33Z"
"malontrel::d0f5d150ff77c41601d3d8a1","http://idea.rpi.edu/malont#Trojan","rdfs:subClassOf","http://idea.rpi.edu/malont#Malware","C:\Users\fedev\Desktop\phd10maggio-backup\kg_neo4j_cti_malont_reasoning\data\malont\MALOnt.owl","xml","2026-05-21T10:09:33Z"
"malontrel::4b456d7424b849492262652e","http://idea.rpi.edu/malont#URL","rdfs:subClassOf","http://www.semanticweb.org/yeed3/ontologies/2020/5/untitled-ontology-16#Indicator","C:\Users\fedev\Desktop\phd10maggio-backup\kg_neo4j_cti_malont_reasoning\data\malont\MALOnt.owl","xml","2026-05-21T10:09:33Z"
"malontrel::5e0ce8c6488a2c3c7d606cd3","http://idea.rpi.edu/malont#Unknown","rdfs:subClassOf","http://idea.rpi.edu/malont#Malware","C:\Users\fedev\Desktop\phd10maggio-backup\kg_neo4j_cti_malont_reasoning\data\malont\MALOnt.owl","xml","2026-05-21T10:09:33Z"
"malontrel::3780d6363fd60bda82b3374d","http://idea.rpi.edu/malont#VirusScanner","rdfs:subClassOf","http://idea.rpi.edu/malont#Software","C:\Users\fedev\Desktop\phd10maggio-backup\kg_neo4j_cti_malont_reasoning\data\malont\MALOnt.owl","xml","2026-05-21T10:09:33Z"
"malontrel::d7f733ff89af8a4db67bb775","http://idea.rpi.edu/malont#Vulnerability_CVEID","rdfs:subClassOf","http://idea.rpi.edu/malont#Vulnerability","C:\Users\fedev\Desktop\phd10maggio-backup\kg_neo4j_cti_malont_reasoning\data\malont\MALOnt.owl","xml","2026-05-21T10:09:33Z"
"malontrel::4942b6af3c5e403ec4c61cb4","http://idea.rpi.edu/malont#Vulnerability_Desc","rdfs:subClassOf","http://idea.rpi.edu/malont#Vulnerability","C:\Users\fedev\Desktop\phd10maggio-backup\kg_neo4j_cti_malont_reasoning\data\malont\MALOnt.owl","xml","2026-05-21T10:09:33Z"
"malontrel::9cbcfce9c1c46b17c49ecb71","http://idea.rpi.edu/malont#Webshell","rdfs:subClassOf","http://idea.rpi.edu/malont#Malware","C:\Users\fedev\Desktop\phd10maggio-backup\kg_neo4j_cti_malont_reasoning\data\malont\MALOnt.owl","xml","2026-05-21T10:09:33Z"
"malontrel::03e1b8b2a2f9b93494a8ab42","http://idea.rpi.edu/malont#Wiper","rdfs:subClassOf","http://idea.rpi.edu/malont#Malware","C:\Users\fedev\Desktop\phd10maggio-backup\kg_neo4j_cti_malont_reasoning\data\malont\MALOnt.owl","xml","2026-05-21T10:09:33Z"
"malontrel::387c23e661afb0fcacc489a9","http://idea.rpi.edu/malont#Worm","rdfs:subClassOf","http://idea.rpi.edu/malont#Malware","C:\Users\fedev\Desktop\phd10maggio-backup\kg_neo4j_cti_malont_reasoning\data\malont\MALOnt.owl","xml","2026-05-21T10:09:33Z"
"malontrel::e53594bc9ca1e357c846e143","http://idea.rpi.edu/malont#vHash","rdfs:subClassOf","http://idea.rpi.edu/malont#Hash","C:\Users\fedev\Desktop\phd10maggio-backup\kg_neo4j_cti_malont_reasoning\data\malont\MALOnt.owl","xml","2026-05-21T10:09:33Z"
"malontrel::4d5e3736c8bef56544dbe59c","http://www.semanticweb.org/yeed3/ontologies/2020/5/untitled-ontology-16#Email","rdfs:subClassOf","http://www.semanticweb.org/yeed3/ontologies/2020/5/untitled-ontology-16#Indicator","C:\Users\fedev\Desktop\phd10maggio-backup\kg_neo4j_cti_malont_reasoning\data\malont\MALOnt.owl","xml","2026-05-21T10:09:33Z"
