dataset,report_id,first_seen_version
AnnoCTR,bosch_0,v1.0
AnnoCTR,bosch_1,v1.0
AnnoCTR,bosch_2,v1.0
AnnoCTR,bosch_3,v1.0
AnnoCTR,bosch_4,v1.0
AnnoCTR,bosch_5,v1.0
AnnoCTR,bosch_6,v1.0
AnnoCTR,bosch_7,v1.0
AnnoCTR,bosch_8,v1.0
AnnoCTR,bosch_9,v1.0
AnnoCTR,bosch_10,v1.0
AnnoCTR,bosch_11,v1.0
AnnoCTR,bosch_12,v1.0
AnnoCTR,bosch_13,v1.0
AnnoCTR,bosch_14,v1.0
AnnoCTR,bosch_15,v1.0
AnnoCTR,bosch_16,v1.0
AnnoCTR,bosch_17,v1.0
AnnoCTR,bosch_18,v1.0
AnnoCTR,bosch_19,v1.0
AnnoCTR,bosch_20,v1.0
AnnoCTR,bosch_21,v1.0
AnnoCTR,bosch_22,v1.0
AnnoCTR,bosch_23,v1.0
AnnoCTR,bosch_24,v1.0
AnnoCTR,bosch_25,v1.0
AnnoCTR,bosch_26,v1.0
AnnoCTR,bosch_27,v1.0
AnnoCTR,bosch_28,v1.0
AnnoCTR,bosch_29,v1.0
AnnoCTR,bosch_30,v1.0
AnnoCTR,bosch_31,v1.0
AnnoCTR,bosch_32,v1.0
AnnoCTR,bosch_33,v1.0
TRAM2,tram2_0,v1.0
TRAM2,tram2_1,v1.0
TRAM2,tram2_2,v1.0
TRAM2,tram2_3,v1.0
TRAM2,tram2_4,v1.0
TRAM2,tram2_5,v1.0
TRAM2,tram2_6,v1.0
TRAM2,tram2_7,v1.0
TRAM2,tram2_8,v1.0
TRAM2,tram2_9,v1.0
TRAM2,tram2_10,v1.0
TRAM2,tram2_11,v1.0
TRAM2,tram2_12,v1.0
TRAM2,tram2_13,v1.0
TRAM2,tram2_14,v1.0
TRAM2,tram2_15,v1.0
TRAM2,tram2_16,v1.0
TRAM2,tram2_17,v1.0
TRAM2,tram2_18,v1.0
TRAM2,tram2_19,v1.0
TRAM2,tram2_20,v1.0
TRAM2,tram2_21,v1.0
TRAM2,tram2_22,v1.0
TRAM2,tram2_23,v1.0
TRAM2,tram2_24,v1.0
TRAM2,tram2_25,v1.0
TRAM2,tram2_26,v1.0
TRAM2,tram2_27,v1.0
TRAM2,tram2_28,v1.0
TRAM2,tram2_29,v1.0
TRAM2,tram2_30,v1.0
